,Employee_Name,EmpID,MarriedID,MaritalStatusID,GenderID,EmpStatusID,DeptID,PerfScoreID,FromDiversityJobFairID,Salary,Termd,PositionID,Position,State,Zip,DOB,Sex,MaritalDesc,CitizenDesc,HispanicLatino,RaceDesc,DateofHire,DateofTermination,TermReason,EmploymentStatus,Department,ManagerName,ManagerID,RecruitmentSource,PerformanceScore,EngagementSurvey,EmpSatisfaction,SpecialProjectsCount,LastPerformanceReview_Date,DaysLateLast30,Absences
1,"Ait Sidi, Karthikeyan",10084,1,1,1,5,3,3,0,104437,1,27,Sr. DBA,MA,2148,05/05/75,M,Married,US Citizen,No,White,3/30/2015,6/16/2016,Career Change,Voluntarily Terminated,IT/IS,Simon Roup,4.0,Indeed,Fully Meets,4.96,3,6,2/24/2016,0,17
2,"Akinkuolie, Sarah",10196,1,1,0,5,5,3,0,64955,1,20,Production Technician II,MA,1810,09/19/88,F,Married,US Citizen,No,White,7/5/2011,9/24/2012,Hours,Voluntarily Terminated,Production,Kissy Sullivan,20.0,LinkedIn,Fully Meets,3.02,3,0,5/15/2012,0,3
4,"Anderson, Carol",10069,0,2,0,5,5,3,0,50825,1,19,Production Technician I,MA,2169,09/08/89,F,Divorced,US Citizen,No,White,7/11/2011,9/6/2016,Return To School,Voluntarily Terminated,Production,Webster Butler,39.0,Google Search,Fully Meets,5.0,4,0,2/1/2016,0,2
10,"Baczenski, Rachael",10252,1,1,0,5,5,3,1,54670,1,19,Production Technician I,MA,1902,01/12/74,F,Married,US Citizen,Yes,Black or African American,1/10/2011,1/12/2017,Another Position,Voluntarily Terminated,Production,David Stanley,14.0,Diversity Job Fair,Fully Meets,4.2,4,0,1/30/2016,0,12
11,"Barbara, Thomas",10242,1,1,1,5,5,3,1,47211,1,19,Production Technician I,MA,2062,02/21/74,M,Married,US Citizen,Yes,Black or African American,4/2/2012,9/19/2016,Unhappy,Voluntarily Terminated,Production,Kissy Sullivan,20.0,Diversity Job Fair,Fully Meets,4.2,3,0,5/6/2016,0,15
14,"Barton, Nader",10066,0,2,1,5,5,3,0,52505,1,19,Production Technician I,MA,2747,07/15/77,M,Divorced,US Citizen,No,White,9/24/2012,4/6/2017,Another Position,Voluntarily Terminated,Production,Michael Albert,22.0,On-line Web application,Fully Meets,5.0,5,0,3/2/2017,0,1
15,"Bates, Norman",10061,0,0,1,4,5,3,0,57834,1,19,Production Technician I,MA,2050,10/18/81,M,Single,US Citizen,No,White,2/21/2011,8/4/2017,Attendance,Terminated for Cause,Production,Kelley Spirea,18.0,Google Search,Fully Meets,5.0,4,0,4/5/2017,0,20
18,"Becker, Renee",10245,0,0,0,4,3,3,0,110000,1,8,Database Administrator,MA,2026,04/04/86,F,Single,US Citizen,Yes,White,7/7/2014,9/12/2015,Performance,Terminated for Cause,IT/IS,Simon Roup,4.0,Google Search,Fully Meets,4.5,4,5,1/15/2015,0,8
24,"Bondwell, Betsy",10267,0,0,0,5,5,3,0,57815,1,20,Production Technician II,MA,2210,01/16/67,F,Single,US Citizen,No,White,1/10/2011,4/4/2014,Career Change,Voluntarily Terminated,Production,Elijiah Gray,16.0,Google Search,Fully Meets,4.8,5,0,3/4/2014,0,5
25,"Booth, Frank",10199,0,0,1,4,3,3,0,103613,1,30,Enterprise Architect,CT,6033,07/30/64,M,Single,US Citizen,No,Black or African American,2/17/2014,2/19/2016,Learned That He Is A Gangster,Terminated for Cause,IT/IS,Simon Roup,4.0,LinkedIn,Fully Meets,3.5,5,7,1/10/2016,0,2
27,"Bozzi, Charles",10175,0,0,1,5,5,3,0,74312,1,18,Production Manager,MA,1901,03/10/70,M,Single,US Citizen,No,Asian,9/30/2013,8/7/2014,Retiring,Voluntarily Terminated,Production,Janet King,2.0,Indeed,Fully Meets,3.39,3,0,2/20/2014,0,14
28,"Brill, Donna",10177,1,1,0,5,5,3,0,53492,1,19,Production Technician I,MA,1701,08/24/90,F,Married,US Citizen,No,White,4/2/2012,6/15/2013,Another Position,Voluntarily Terminated,Production,David Stanley,14.0,Google Search,Fully Meets,3.35,4,0,3/4/2013,0,6
32,"Bunbury, Jessica",10188,1,1,0,5,6,3,0,74326,1,3,Area Sales Manager,VA,21851,06/01/64,F,Married,Eligible NonCitizen,No,Black or African American,8/15/2011,8/2/2014,Another Position,Voluntarily Terminated,Sales,John Smith,17.0,Google Search,Fully Meets,3.14,5,0,2/10/2013,1,19
46,"Chivukula, Enola",10240,0,0,0,5,5,3,0,64786,1,19,Production Technician I,MA,1775,08/27/83,F,Single,US Citizen,No,White,6/27/2011,11/15/2015,Relocation Out Of Area,Voluntarily Terminated,Production,Amy Dunn,11.0,Indeed,Fully Meets,4.3,4,0,3/10/2015,0,3
49,"Cloninger, Jennifer",10275,1,1,0,5,5,3,0,64066,1,20,Production Technician II,MA,1752,08/31/81,F,Married,US Citizen,No,White,5/16/2011,1/7/2013,Unhappy,Voluntarily Terminated,Production,Brannon Miller,12.0,Google Search,Fully Meets,4.2,5,0,5/3/2012,0,9
50,"Close, Phil",10269,1,1,1,5,5,3,0,59369,1,20,Production Technician II,MA,2169,11/25/78,M,Married,US Citizen,No,White,8/30/2010,9/26/2011,Career Change,Voluntarily Terminated,Production,David Stanley,14.0,Indeed,Fully Meets,4.2,4,0,5/4/2011,0,6
53,"Cole, Spencer",10292,0,0,1,4,5,2,0,59144,1,19,Production Technician I,MA,1880,08/12/79,M,Single,US Citizen,No,Black or African American,7/11/2011,9/23/2016,Performance,Terminated for Cause,Production,Kissy Sullivan,20.0,LinkedIn,Needs Improvement,2.0,3,0,5/1/2016,5,16
65,"DeGweck,  James",10070,1,1,1,5,5,3,0,55722,1,19,Production Technician I,MA,1810,10/31/77,M,Married,US Citizen,No,White,5/16/2011,6/8/2016,Unhappy,Voluntarily Terminated,Production,Webster Butler,39.0,Indeed,Fully Meets,5.0,4,0,4/2/2016,0,14
68,"Demita, Carla",10100,0,3,0,5,5,3,0,58275,1,20,Production Technician II,MA,2343,02/25/51,F,Separated,US Citizen,No,Black or African American,4/4/2011,11/4/2015,More Money,Voluntarily Terminated,Production,Kelley Spirea,18.0,Google Search,Fully Meets,4.62,5,0,5/6/2015,0,1
80,"Eaton, Marianne",10064,1,1,0,5,5,3,0,60070,1,19,Production Technician I,MA,2343,09/05/91,F,Married,US Citizen,No,White,4/4/2011,6/6/2017,Military,Voluntarily Terminated,Production,Kissy Sullivan,20.0,Google Search,Fully Meets,5.0,3,0,4/9/2017,0,7
84,"Estremera, Miguel",10280,0,0,1,4,5,2,0,60340,1,19,Production Technician I,MA,2129,09/02/83,M,Single,US Citizen,No,White,4/2/2012,9/27/2018,Attendance,Terminated for Cause,Production,Michael Albert,22.0,Google Search,Needs Improvement,5.0,4,0,4/12/2018,5,16
85,"Evensen, April",10296,0,0,0,4,5,2,0,59124,1,19,Production Technician I,MA,2458,05/06/89,F,Single,US Citizen,No,White,2/17/2014,2/25/2018,"No-Call, No-Show",Terminated for Cause,Production,Elijiah Gray,16.0,Google Search,Needs Improvement,2.3,3,0,1/15/2017,5,19
86,"Exantus, Susan",10290,1,1,0,4,4,2,0,99280,1,24,Software Engineer,MA,1749,05/15/87,F,Married,US Citizen,No,Black or African American,5/2/2011,6/5/2013,Attendance,Terminated for Cause,Software Engineering,Alex Sweetwater,10.0,Indeed,Needs Improvement,2.1,5,4,8/10/2012,4,19
89,"Ferguson, Susan",10189,1,1,0,5,5,3,0,57748,1,19,Production Technician I,MA,2176,04/14/55,F,Married,US Citizen,No,White,11/7/2011,5/17/2016,Military,Voluntarily Terminated,Production,Webster Butler,39.0,Google Search,Fully Meets,3.13,3,0,2/4/2016,0,16
93,"Fitzpatrick, Michael  J",10093,0,0,1,5,5,3,0,72609,1,20,Production Technician II,MA,2143,10/01/81,M,Single,US Citizen,Yes,White,5/16/2011,6/24/2013,Hours,Voluntarily Terminated,Production,Amy Dunn,11.0,Google Search,Fully Meets,4.76,5,0,4/5/2013,0,20
94,"Foreman, Tanya",10163,1,1,0,5,5,3,0,55965,1,20,Production Technician II,MA,2170,11/08/83,F,Married,US Citizen,No,White,4/4/2011,1/9/2013,Career Change,Voluntarily Terminated,Production,Ketsia Liebig,19.0,Google Search,Fully Meets,3.66,3,0,1/7/2012,0,6
95,"Forrest, Alex",10305,1,1,1,1,6,3,0,70187,1,3,Area Sales Manager,MA,2330,07/07/75,M,Married,US Citizen,No,White,9/29/2014,8/19/2018,Fatal Attraction,Terminated for Cause,Sales,Lynn Daneault,21.0,Employee Referral,PIP,2.0,5,0,1/28/2019,4,7
103,"Gerke, Melisa",10122,0,2,0,5,5,3,1,51505,1,19,Production Technician I,MA,2330,05/15/70,F,Divorced,US Citizen,No,Black or African American,11/7/2011,11/15/2016,Hours,Voluntarily Terminated,Production,Elijiah Gray,16.0,Diversity Job Fair,Fully Meets,4.24,4,0,4/29/2016,0,2
104,"Gill, Whitney",10142,0,4,0,4,6,3,0,59370,1,3,Area Sales Manager,OH,43050,07/10/71,F,Widowed,US Citizen,No,Black or African American,7/7/2014,9/5/2015,Attendance,Terminated for Cause,Sales,John Smith,17.0,CareerBuilder,Fully Meets,3.97,4,0,1/15/2014,0,7
105,"Gilles, Alex",10283,1,1,1,5,5,2,1,54933,1,19,Production Technician I,MA,2062,08/09/74,M,Married,US Citizen,No,Black or African American,4/2/2012,6/25/2015,Military,Voluntarily Terminated,Production,Webster Butler,39.0,Diversity Job Fair,Needs Improvement,3.97,4,0,1/20/2015,3,15
108,"Goble, Taisha",10246,0,0,0,4,3,3,0,114800,1,8,Database Administrator,MA,2127,10/23/71,F,Single,US Citizen,No,White,2/16/2015,3/15/2015,"No-Call, No-Show",Terminated for Cause,IT/IS,Simon Roup,4.0,Indeed,Fully Meets,4.6,4,4,1/20/2015,0,10
112,"Gonzalez, Juan",10300,1,1,1,5,5,1,1,68898,1,20,Production Technician II,MA,2128,10/12/64,M,Married,US Citizen,No,Black or African American,4/26/2010,5/30/2011,Career Change,Voluntarily Terminated,Production,Brannon Miller,12.0,Diversity Job Fair,PIP,3.0,3,0,3/6/2011,3,10
119,"Gross, Paula",10059,0,2,0,5,5,3,0,63813,1,19,Production Technician I,MA,2176,05/21/83,F,Divorced,US Citizen,No,White,2/21/2011,1/11/2014,More Money,Voluntarily Terminated,Production,Kelley Spirea,18.0,CareerBuilder,Fully Meets,5.0,5,0,6/3/2013,0,17
121,"Guilianno, Mike",10109,0,0,1,5,6,3,0,71707,1,3,Area Sales Manager,TN,37129,02/09/69,M,Single,US Citizen,No,Two or more races,3/7/2012,10/31/2014,Relocation Out Of Area,Voluntarily Terminated,Sales,John Smith,17.0,LinkedIn,Fully Meets,4.5,5,0,2/1/2013,0,20
124,"Harrington, Christie",10097,0,0,0,5,5,3,0,52177,1,19,Production Technician I,MA,2324,08/18/52,F,Single,US Citizen,No,White,1/9/2012,12/15/2015,Retiring,Voluntarily Terminated,Production,Webster Butler,39.0,CareerBuilder,Fully Meets,4.64,4,0,5/2/2015,0,8
127,"Hendrickson, Trina",10075,0,0,0,5,5,3,0,68099,1,20,Production Technician II,MA,2021,08/27/72,F,Single,US Citizen,No,White,1/10/2011,6/18/2013,Hours,Voluntarily Terminated,Production,Kelley Spirea,18.0,CareerBuilder,Fully Meets,5.0,3,0,1/30/2013,0,15
129,"Homberger, Adrienne  J",10195,1,1,0,5,5,3,0,63478,1,20,Production Technician II,MA,2445,02/16/84,F,Married,Non-Citizen,No,White,8/15/2011,4/7/2012,Relocation Out Of Area,Voluntarily Terminated,Production,Michael Albert,30.0,Indeed,Fully Meets,3.03,5,0,3/5/2012,0,16
132,"Howard, Estelle",10182,1,1,0,1,1,3,0,49920,1,2,Administrative Assistant,MA,2170,09/16/85,F,Married,US Citizen,No,Black or African American,2/16/2015,4/15/2015,"No-Call, No-Show",Terminated for Cause,Admin Offices,Brandon R. LeBlanc,1.0,Indeed,Fully Meets,3.24,3,4,4/15/2015,0,6
136,"Huynh, Ming",10160,0,2,0,5,5,3,0,68182,1,20,Production Technician II,MA,1742,09/22/76,F,Divorced,US Citizen,No,White,2/21/2011,4/1/2013,Unhappy,Voluntarily Terminated,Production,Amy Dunn,11.0,Google Search,Fully Meets,3.72,3,0,2/1/2013,0,18
137,"Immediato, Walter",10289,1,1,1,5,5,2,0,83082,1,18,Production Manager,MA,2128,11/15/76,M,Married,US Citizen,No,Asian,2/21/2011,9/24/2012,Unhappy,Voluntarily Terminated,Production,Janet King,2.0,Indeed,Needs Improvement,2.34,2,0,4/12/2012,3,4
143,"Johnson, George",10034,1,1,1,5,5,4,0,46837,1,19,Production Technician I,MA,2445,08/19/59,M,Married,US Citizen,No,White,11/7/2011,4/29/2018,More Money,Voluntarily Terminated,Production,Michael Albert,22.0,CareerBuilder,Exceeds,4.7,4,0,2/14/2018,0,9
146,"Jung, Judy",10138,1,1,0,5,5,3,0,61154,1,19,Production Technician I,MA,2446,04/17/86,F,Married,US Citizen,No,Black or African American,1/10/2011,4/1/2016,Unhappy,Voluntarily Terminated,Production,Elijiah Gray,16.0,CareerBuilder,Fully Meets,4.0,4,0,2/3/2016,0,4
147,"Kampew, Donysha",10244,0,0,0,5,6,3,0,68999,1,21,Sales Manager,PA,19444,11/11/89,F,Single,US Citizen,No,White,11/7/2011,4/24/2014,Maternity Leave - Did Not Return,Voluntarily Terminated,Sales,Debra Houlihan,15.0,Google Search,Fully Meets,4.5,5,0,3/30/2013,0,2
151,"Kinsella, Kathleen",10166,1,1,0,5,5,3,0,54005,1,19,Production Technician I,MA,2170,12/08/73,F,Married,US Citizen,No,White,9/26/2011,6/4/2015,More Money,Voluntarily Terminated,Production,Webster Butler,39.0,Google Search,Fully Meets,3.6,5,0,3/1/2015,0,16
152,"Kirill, Alexandra",10170,1,1,0,5,5,3,0,45433,1,19,Production Technician I,MA,2127,10/08/70,F,Married,US Citizen,No,White,9/26/2011,1/9/2014,More Money,Voluntarily Terminated,Production,Amy Dunn,11.0,Google Search,Fully Meets,3.49,4,0,1/30/2013,0,6
157,"Landa, Hans",10092,1,1,1,4,5,3,0,82758,1,18,Production Manager,MA,1890,07/01/72,M,Married,US Citizen,No,White,1/10/2011,12/12/2015,Attendance,Terminated for Cause,Production,Janet King,2.0,Employee Referral,Fully Meets,4.78,4,0,2/15/2015,0,9
158,"Langford, Lindsey",10106,0,2,0,5,5,3,0,66074,1,20,Production Technician II,MA,2090,07/25/79,F,Divorced,US Citizen,No,Asian,1/7/2013,3/31/2014,Another Position,Voluntarily Terminated,Production,David Stanley,14.0,Indeed,Fully Meets,4.52,3,0,2/20/2014,0,20
161,"Latif, Mohammed",10249,1,1,1,5,5,3,0,61962,1,20,Production Technician II,MA,2126,05/09/84,M,Married,US Citizen,No,White,4/2/2012,4/15/2013,More Money,Voluntarily Terminated,Production,Kissy Sullivan,20.0,Google Search,Fully Meets,4.9,3,0,2/20/2013,0,20
163,"Leach, Dallas",10087,0,0,0,5,5,3,0,63676,1,19,Production Technician I,MA,1810,01/17/79,F,Single,US Citizen,No,Asian,9/26/2011,8/19/2018,Return To School,Voluntarily Terminated,Production,Kissy Sullivan,20.0,CareerBuilder,Fully Meets,4.88,3,0,7/2/2017,0,17
168,"Linares, Marilyn",10186,1,1,0,5,5,3,0,52624,1,19,Production Technician I,MA,1886,03/26/81,F,Married,US Citizen,No,White,7/5/2011,9/26/2018,Unhappy,Voluntarily Terminated,Production,Michael Albert,22.0,Indeed,Fully Meets,3.18,4,0,3/2/2018,0,16
171,"Lundy, Susan",10096,0,4,0,5,5,3,0,67237,1,20,Production Technician II,MA,2122,12/26/76,F,Widowed,US Citizen,No,White,7/8/2013,9/15/2016,More Money,Voluntarily Terminated,Production,Michael Albert,22.0,LinkedIn,Fully Meets,4.65,4,0,6/10/2016,0,15
174,"Lynch, Lindsay",10004,0,0,0,5,5,4,1,47434,1,19,Production Technician I,MA,1844,02/14/73,F,Single,US Citizen,Yes,Black or African American,11/7/2011,11/14/2015,Another Position,Voluntarily Terminated,Production,Webster Butler,39.0,Diversity Job Fair,Exceeds,5.0,4,0,2/2/2015,0,17
175,"MacLennan, Samuel",10191,0,4,1,5,5,3,0,52788,1,19,Production Technician I,MA,1938,11/09/72,M,Widowed,US Citizen,No,White,9/24/2012,9/26/2017,Hours,Voluntarily Terminated,Production,Amy Dunn,11.0,Indeed,Fully Meets,3.08,4,0,4/1/2017,0,18
178,"Mancuso, Karen",10073,1,1,0,5,5,3,0,68407,1,20,Production Technician II,MA,2176,12/10/86,F,Married,US Citizen,No,Two or more races,7/5/2011,8/19/2012,Another Position,Voluntarily Terminated,Production,Amy Dunn,11.0,LinkedIn,Fully Meets,5.0,4,0,7/2/2012,0,16
185,"Meads, Elizabeth",10128,0,0,0,5,5,3,1,62659,1,19,Production Technician I,MA,1760,05/30/68,F,Single,US Citizen,No,Black or African American,4/2/2012,11/11/2016,Another Position,Voluntarily Terminated,Production,Kelley Spirea,18.0,Diversity Job Fair,Fully Meets,4.18,4,0,2/5/2016,0,17
188,"Miller, Ned",10298,0,0,1,5,5,1,0,55800,1,20,Production Technician II,MA,2472,06/29/85,M,Single,US Citizen,No,White,8/15/2011,9/4/2014,Unhappy,Voluntarily Terminated,Production,Brannon Miller,12.0,LinkedIn,PIP,3.0,2,0,1/14/2013,6,6
198,"Ndzi, Colombui",10215,0,0,1,5,5,3,1,50470,1,19,Production Technician I,MA,2110,05/02/89,M,Single,US Citizen,No,Black or African American,9/26/2011,4/4/2014,Return To School,Voluntarily Terminated,Production,Webster Butler,39.0,Diversity Job Fair,Fully Meets,4.3,3,0,3/2/2013,0,19
199,"Ndzi, Horia",10185,1,1,1,5,5,3,0,46664,1,19,Production Technician I,MA,2421,03/28/83,M,Married,US Citizen,No,White,4/1/2013,5/25/2016,More Money,Voluntarily Terminated,Production,Amy Dunn,11.0,Employee Referral,Fully Meets,3.18,3,0,3/6/2016,0,10
205,"O'hare, Lynn",10303,0,0,0,4,5,1,0,52674,1,19,Production Technician I,MA,2152,09/30/80,F,Single,US Citizen,No,Two or more races,3/31/2014,5/1/2018,Performance,Terminated for Cause,Production,Kissy Sullivan,20.0,LinkedIn,PIP,2.33,2,0,3/9/2018,6,3
206,"Oliver, Brooke",10078,1,1,0,5,5,3,0,71966,1,20,Production Technician II,MA,2492,02/11/52,F,Married,US Citizen,No,Asian,5/14/2012,8/19/2013,Unhappy,Voluntarily Terminated,Production,Webster Butler,39.0,LinkedIn,Fully Meets,5.0,3,0,7/2/2013,0,17
211,"Panjwani, Nina",10148,1,1,0,5,5,3,0,63515,1,19,Production Technician I,MA,2351,05/01/79,F,Married,US Citizen,No,White,2/7/2011,1/12/2014,Another Position,Voluntarily Terminated,Production,Elijiah Gray,16.0,Google Search,Fully Meets,3.89,4,0,3/4/2013,0,7
212,"Patronick, Lucas",10005,0,0,1,5,4,4,1,108987,1,24,Software Engineer,MA,1844,02/20/79,M,Single,US Citizen,No,Black or African American,11/7/2011,9/7/2015,Another Position,Voluntarily Terminated,Software Engineering,Alex Sweetwater,10.0,Diversity Job Fair,Exceeds,5.0,5,3,8/16/2015,0,13
213,"Pearson, Randall",10259,1,1,1,5,3,3,0,93093,1,9,Data Analyst,MA,2747,09/05/84,M,Married,US Citizen,No,White,12/1/2014,5/1/2016,Performance,Voluntarily Terminated,IT/IS,Simon Roup,4.0,Employee Referral,Fully Meets,4.7,4,5,1/16/2016,0,19
214,"Smith, Martin",10286,0,0,1,5,5,2,0,53564,1,19,Production Technician I,MA,2458,03/17/88,M,Single,US Citizen,No,Black or African American,1/10/2011,12/28/2017,Career Change,Voluntarily Terminated,Production,Webster Butler,39.0,Google Search,Needs Improvement,3.54,5,0,4/6/2017,4,15
215,"Pelletier, Ermine",10297,1,1,0,5,5,2,0,60270,1,20,Production Technician II,MA,2472,07/18/89,F,Married,US Citizen,No,Asian,7/5/2011,9/15/2015,Unhappy,Voluntarily Terminated,Production,Amy Dunn,11.0,CareerBuilder,Needs Improvement,2.4,5,0,2/6/2015,5,2
216,"Perry, Shakira",10171,0,0,0,5,5,3,0,45998,1,19,Production Technician I,MA,2176,07/20/86,F,Single,US Citizen,No,White,5/16/2011,10/25/2015,Medical Issues,Voluntarily Terminated,Production,Amy Dunn,11.0,LinkedIn,Fully Meets,3.45,4,0,5/13/2014,0,5
217,"Peters, Lauren",10032,1,1,0,5,5,4,0,57954,1,20,Production Technician II,MA,1886,08/17/86,F,Married,US Citizen,No,White,5/16/2011,2/4/2013,More Money,Voluntarily Terminated,Production,Ketsia Liebig,19.0,Indeed,Exceeds,4.2,5,0,1/10/2013,0,12
218,"Peterson, Ebonee",10130,1,1,0,5,5,3,0,74669,1,18,Production Manager,MA,2030,05/09/77,F,Married,US Citizen,No,White,10/25/2010,5/18/2016,Another Position,Voluntarily Terminated,Production,Janet King,2.0,Indeed,Fully Meets,4.16,5,0,3/5/2015,0,6
221,"Pham, Hong",10050,1,1,1,5,5,3,0,64724,1,19,Production Technician I,MA,2451,03/06/88,M,Married,US Citizen,No,Asian,7/5/2011,11/30/2012,More Money,Voluntarily Terminated,Production,Brannon Miller,12.0,Google Search,Fully Meets,5.0,3,0,2/20/2012,0,13
224,"Power, Morissa",10187,0,2,0,5,5,3,0,46799,1,19,Production Technician I,MA,1742,10/15/84,F,Divorced,Eligible NonCitizen,No,Asian,5/16/2011,6/4/2018,Another Position,Voluntarily Terminated,Production,Kissy Sullivan,20.0,Google Search,Fully Meets,3.17,4,0,4/2/2018,0,14
226,"Purinton, Janine",10262,0,2,0,5,5,3,0,46430,1,19,Production Technician I,MA,2474,09/22/70,F,Divorced,US Citizen,No,White,9/24/2012,6/18/2013,Unhappy,Voluntarily Terminated,Production,Kissy Sullivan,20.0,Indeed,Fully Meets,4.5,5,0,4/2/2013,0,16
227,"Quinn, Sean",10131,1,1,1,5,1,3,1,83363,1,23,Software Engineer,MA,2045,11/06/84,M,Married,Eligible NonCitizen,No,Black or African American,2/21/2011,8/15/2015,Career Change,Voluntarily Terminated,Software Engineering,Janet King,2.0,Diversity Job Fair,Fully Meets,4.15,4,0,4/19/2014,0,4
229,"Rarrick, Quinn",10152,0,2,1,5,5,3,0,61729,1,19,Production Technician I,MA,2478,12/31/84,M,Divorced,US Citizen,No,White,9/26/2011,4/7/2018,More Money,Voluntarily Terminated,Production,Michael Albert,22.0,Indeed,Fully Meets,3.8,5,0,2/4/2018,0,19
231,"Rhoads, Thomas",10058,0,2,1,5,5,3,0,45115,1,19,Production Technician I,MA,2176,07/22/82,M,Divorced,US Citizen,Yes,White,5/16/2011,1/15/2016,Retiring,Voluntarily Terminated,Production,Elijiah Gray,16.0,LinkedIn,Fully Meets,5.0,4,0,3/30/2015,0,11
233,"Roberson, May",10230,0,2,0,5,5,3,0,64971,1,20,Production Technician II,MA,1902,09/05/81,F,Divorced,Eligible NonCitizen,No,Black or African American,9/26/2011,10/22/2011,Return To School,Voluntarily Terminated,Production,David Stanley,14.0,Google Search,Fully Meets,4.5,4,0,10/22/2011,0,10
234,"Robertson, Peter",10224,1,1,1,5,5,3,0,55578,1,20,Production Technician II,MA,2138,07/03/72,M,Married,US Citizen,No,White,7/5/2011,2/8/2012,Another Position,Voluntarily Terminated,Production,Kissy Sullivan,20.0,Indeed,Fully Meets,4.2,5,0,1/6/2012,0,13
235,"Robinson, Alain",10047,1,1,1,5,5,3,0,50428,1,19,Production Technician I,MA,1420,01/07/74,M,Married,US Citizen,No,Black or African American,1/10/2011,1/26/2016,Attendance,Voluntarily Terminated,Production,Amy Dunn,11.0,Indeed,Fully Meets,5.0,3,0,1/10/2015,0,11
236,"Robinson, Cherly",10285,1,1,0,4,5,2,0,61422,1,19,Production Technician I,MA,1460,01/07/85,F,Married,US Citizen,No,White,1/10/2011,5/17/2016,Attendance,Terminated for Cause,Production,Ketsia Liebig,19.0,Indeed,Needs Improvement,3.6,3,0,4/5/2016,4,16
239,"Roehrich, Bianca",10149,0,0,0,5,3,3,0,120000,1,29,Principal Data Architect,MA,2703,05/27/73,F,Single,US Citizen,Yes,White,1/5/2015,11/10/2018,Another Position,Voluntarily Terminated,IT/IS,Simon Roup,4.0,LinkedIn,Fully Meets,3.88,3,7,2/13/2018,0,12
242,"Rossetti, Bruno",10065,0,0,1,5,5,3,0,53180,1,19,Production Technician I,MA,2155,03/18/87,M,Single,US Citizen,No,White,4/4/2011,8/13/2018,Another Position,Voluntarily Terminated,Production,Kissy Sullivan,20.0,Google Search,Fully Meets,5.0,5,0,7/2/2018,0,4
244,"Ruiz, Ricardo",10222,0,2,1,5,3,3,1,148999,1,13,IT Manager - DB,MA,1915,01/04/64,M,Divorced,US Citizen,No,Black or African American,1/9/2012,11/4/2015,Hours,Voluntarily Terminated,IT/IS,Jennifer Zamora,5.0,Diversity Job Fair,Fully Meets,4.3,4,6,1/4/2015,0,8
247,"Sadki, Nore",10260,0,0,1,5,5,3,0,46428,1,19,Production Technician I,MA,2148,12/21/74,M,Single,US Citizen,No,White,1/5/2009,7/30/2018,Relocation Out Of Area,Voluntarily Terminated,Production,Michael Albert,22.0,Google Search,Fully Meets,4.6,5,0,2/5/2018,0,7
249,"Salter, Jason",10229,0,2,1,5,3,3,0,88527,1,9,Data Analyst,MA,2452,12/17/87,M,Divorced,US Citizen,No,Black or African American,1/5/2015,10/31/2015,Hours,Voluntarily Terminated,IT/IS,Simon Roup,4.0,LinkedIn,Fully Meets,4.2,3,5,4/20/2015,0,2
256,"Sloan, Constance",10095,0,0,0,5,5,3,0,63878,1,20,Production Technician II,MA,1851,11/25/87,F,Single,US Citizen,No,White,10/26/2009,4/8/2015,Maternity Leave - Did Not Return,Voluntarily Terminated,Production,Michael Albert,22.0,CareerBuilder,Fully Meets,4.68,4,0,4/2/2015,0,20
259,"Smith, Leigh Ann",10153,1,1,0,5,1,3,1,55000,1,2,Administrative Assistant,MA,1844,06/14/87,F,Married,US Citizen,No,Black or African American,9/26/2011,9/25/2013,Career Change,Voluntarily Terminated,Admin Offices,Brandon R. LeBlanc,1.0,Diversity Job Fair,Fully Meets,3.8,4,4,8/15/2013,0,17
265,"Squatrito, Kristen",10030,0,2,0,5,5,4,0,62425,1,19,Production Technician I,MA,2359,03/26/73,F,Divorced,US Citizen,No,White,5/13/2013,6/29/2015,Unhappy,Voluntarily Terminated,Production,David Stanley,14.0,LinkedIn,Exceeds,4.1,4,0,3/2/2015,0,16
276,"Tavares, Desiree",10221,1,1,0,5,5,3,1,60754,1,19,Production Technician I,MA,1801,04/03/75,F,Married,Non-Citizen,No,Black or African American,4/27/2009,4/1/2013,Another Position,Voluntarily Terminated,Production,Webster Butler,39.0,Diversity Job Fair,Fully Meets,4.5,5,0,2/15/2012,0,11
277,"Tejeda, Lenora",10146,1,1,0,5,5,3,0,72202,1,20,Production Technician II,MA,2129,05/24/53,F,Married,US Citizen,No,White,5/16/2011,7/8/2017,Another Position,Voluntarily Terminated,Production,Elijiah Gray,16.0,Google Search,Fully Meets,3.93,3,0,4/18/2017,0,3
279,"Theamstern, Sophia",10141,0,0,0,5,5,3,0,48413,1,19,Production Technician I,MA,2066,05/09/65,F,Single,US Citizen,No,White,7/5/2011,9/5/2016,Return To School,Voluntarily Terminated,Production,Amy Dunn,11.0,Indeed,Fully Meets,3.98,4,0,3/2/2016,0,1
280,"Thibaud, Kenneth",10268,0,4,1,5,5,3,0,67176,1,20,Production Technician II,MA,2472,09/16/75,M,Widowed,US Citizen,No,White,6/25/2007,8/30/2010,Military,Voluntarily Terminated,Production,Webster Butler,39.0,Other,Fully Meets,4.1,4,0,7/14/2010,0,15
284,"Tredinnick, Neville",10044,1,1,1,5,3,3,0,75281,1,15,Network Engineer,MA,1420,05/05/88,M,Married,US Citizen,No,White,1/5/2015,2/12/2016,Medical Issues,Voluntarily Terminated,IT/IS,Peter Monroe,7.0,CareerBuilder,Fully Meets,5.0,3,5,4/15/2015,0,11
285,"True, Edward",10102,0,0,1,5,4,3,1,100416,1,24,Software Engineer,MA,2451,06/14/83,M,Single,Non-Citizen,No,Black or African American,2/18/2013,4/15/2018,Medical Issues,Voluntarily Terminated,Software Engineering,Alex Sweetwater,10.0,Diversity Job Fair,Fully Meets,4.6,3,4,2/12/2017,0,9
286,"Trzeciak, Cybil",10270,0,0,0,5,5,3,0,74813,1,20,Production Technician II,MA,1778,03/15/85,F,Single,US Citizen,No,White,1/10/2011,7/2/2014,Unhappy,Voluntarily Terminated,Production,Amy Dunn,11.0,LinkedIn,Fully Meets,4.4,3,0,1/5/2014,0,5
289,"Veera, Abdellah",10014,0,2,1,5,5,4,0,58523,1,19,Production Technician I,MA,2171,01/31/87,M,Divorced,US Citizen,No,White,8/13/2012,2/5/2016,Maternity Leave - Did Not Return,Voluntarily Terminated,Production,Kissy Sullivan,20.0,LinkedIn,Exceeds,4.5,5,0,2/1/2016,0,15
292,"Voldemort, Lord",10118,1,1,1,4,3,3,0,113999,1,8,Database Administrator,MA,1960,08/07/86,M,Married,US Citizen,No,Black or African American,2/16/2015,2/22/2017,"No-Call, No-Show",Terminated for Cause,IT/IS,Simon Roup,4.0,Employee Referral,Fully Meets,4.33,3,7,2/15/2017,0,9
293,"Volk, Colleen",10022,1,1,0,4,5,4,0,49773,1,19,Production Technician I,MA,2747,06/03/86,F,Married,US Citizen,No,White,9/26/2011,2/8/2016,Gross Misconduct,Terminated for Cause,Production,Kelley Spirea,18.0,Google Search,Exceeds,4.3,5,0,2/1/2015,0,18
296,"Wallace, Courtney  E",10274,1,1,0,5,5,3,1,80512,1,18,Production Manager,MA,2478,11/14/55,F,Married,US Citizen,No,Black or African American,9/26/2011,1/2/2012,Another Position,Voluntarily Terminated,Production,Janet King,2.0,Diversity Job Fair,Fully Meets,4.5,3,0,1/2/2012,0,5
297,"Wallace, Theresa",10293,0,0,0,5,5,2,0,50274,1,19,Production Technician I,MA,1887,08/02/80,F,Single,US Citizen,No,White,8/13/2012,9/1/2015,Career Change,Voluntarily Terminated,Production,Elijiah Gray,16.0,CareerBuilder,Needs Improvement,2.5,3,0,9/5/2014,6,13
300,"Whittier, Scott",10072,0,0,1,5,5,3,0,58371,1,19,Production Technician I,MA,2030,05/24/87,M,Single,US Citizen,Yes,White,1/10/2011,5/15/2014,Hours,Voluntarily Terminated,Production,Webster Butler,39.0,LinkedIn,Fully Meets,5.0,5,0,5/15/2014,0,11
301,"Wilber, Barry",10048,1,1,1,5,5,3,0,55140,1,19,Production Technician I,MA,2324,09/09/65,M,Married,Eligible NonCitizen,No,White,5/16/2011,9/7/2015,Unhappy,Voluntarily Terminated,Production,Amy Dunn,11.0,Website,Fully Meets,5.0,3,0,2/15/2015,0,7
302,"Wilkes, Annie",10204,0,2,0,5,5,3,0,58062,1,19,Production Technician I,MA,1876,07/30/83,F,Divorced,US Citizen,No,White,1/10/2011,5/14/2012,Another Position,Voluntarily Terminated,Production,Ketsia Liebig,19.0,Google Search,Fully Meets,3.6,5,0,2/6/2011,0,9
303,"Williams, Jacquelyn",10264,0,0,0,5,5,3,1,59728,1,19,Production Technician I,MA,2109,10/02/69,F,Single,US Citizen,Yes,Black or African American,1/9/2012,6/27/2015,Relocation Out Of Area,Voluntarily Terminated,Production,Ketsia Liebig,19.0,Diversity Job Fair,Fully Meets,4.3,4,0,6/2/2014,0,16
304,"Winthrop, Jordan",10033,0,0,1,5,5,4,0,70507,1,20,Production Technician II,MA,2045,11/07/58,M,Single,US Citizen,No,White,1/7/2013,2/21/2016,Retiring,Voluntarily Terminated,Production,Brannon Miller,12.0,LinkedIn,Exceeds,5.0,3,0,1/19/2016,0,7
307,"Ybarra, Catherine",10301,0,0,0,5,5,1,0,48513,1,19,Production Technician I,MA,2458,05/04/82,F,Single,US Citizen,No,Asian,9/2/2008,9/29/2015,Another Position,Voluntarily Terminated,Production,Brannon Miller,12.0,Google Search,PIP,3.2,2,0,9/2/2015,5,4
